{"data":{"allCloudinaryMedia":{"edges":[{"node":{"secure_url":"https://res.cloudinary.com/di4ms4xaz/image/upload/f_auto,q_auto/v1/karate-ziri-galerija/ay2xq7iyywiofb7qc7ds?_a=AXCloUZ0"}},{"node":{"secure_url":"https://res.cloudinary.com/di4ms4xaz/image/upload/f_auto,q_auto/v1/karate-ziri-galerija/DSC_1462_r5clbv?_a=AXCloUZ0"}},{"node":{"secure_url":"https://res.cloudinary.com/di4ms4xaz/image/upload/f_auto,q_auto/v1/karate-ziri-galerija/eamvql89ype5pbbpqepc?_a=AXCloUZ0"}},{"node":{"secure_url":"https://res.cloudinary.com/di4ms4xaz/image/upload/f_auto,q_auto/v1/karate-ziri-galerija/facd57sd2tpookeqfuq5?_a=AXCloUZ0"}},{"node":{"secure_url":"https://res.cloudinary.com/di4ms4xaz/image/upload/f_auto,q_auto/v1/karate-ziri-galerija/k1drdgkkmxc8izmjzvj9?_a=AXCloUZ0"}},{"node":{"secure_url":"https://res.cloudinary.com/di4ms4xaz/image/upload/f_auto,q_auto/v1/karate-ziri-galerija/kvdecbqhkrssnyvhxykz?_a=AXCloUZ0"}},{"node":{"secure_url":"https://res.cloudinary.com/di4ms4xaz/image/upload/f_auto,q_auto/v1/karate-ziri-galerija/lgzy7tqiljnplbgg579a?_a=AXCloUZ0"}},{"node":{"secure_url":"https://res.cloudinary.com/di4ms4xaz/image/upload/f_auto,q_auto/v1/karate-ziri-galerija/lmmi4wy9sr2j18yxnl64?_a=AXCloUZ0"}},{"node":{"secure_url":"https://res.cloudinary.com/di4ms4xaz/image/upload/f_auto,q_auto/v1/karate-ziri-galerija/lozhctupaoe2kiem1olv?_a=AXCloUZ0"}},{"node":{"secure_url":"https://res.cloudinary.com/di4ms4xaz/image/upload/f_auto,q_auto/v1/karate-ziri-galerija/lvmiiiodhvsdlt9rywhu?_a=AXCloUZ0"}},{"node":{"secure_url":"https://res.cloudinary.com/di4ms4xaz/image/upload/f_auto,q_auto/v1/karate-ziri-galerija/lykstqnjzo3jza7ltppr?_a=AXCloUZ0"}},{"node":{"secure_url":"https://res.cloudinary.com/di4ms4xaz/image/upload/f_auto,q_auto/v1/karate-ziri-galerija/nkwqck3yjcr2y7u9g5lu?_a=AXCloUZ0"}},{"node":{"secure_url":"https://res.cloudinary.com/di4ms4xaz/image/upload/f_auto,q_auto/v1/karate-ziri-galerija/nncebwjvl6njiekodfcx?_a=AXCloUZ0"}},{"node":{"secure_url":"https://res.cloudinary.com/di4ms4xaz/image/upload/f_auto,q_auto/v1/karate-ziri-galerija/pzgkl17egk4mbtff24bv?_a=AXCloUZ0"}},{"node":{"secure_url":"https://res.cloudinary.com/di4ms4xaz/image/upload/f_auto,q_auto/v1/karate-ziri-galerija/rabgpgmpugrfwcy4carq?_a=AXCloUZ0"}},{"node":{"secure_url":"https://res.cloudinary.com/di4ms4xaz/image/upload/f_auto,q_auto/v1/karate-ziri-galerija/ripmx6jdwyjf0oonu1bm?_a=AXCloUZ0"}},{"node":{"secure_url":"https://res.cloudinary.com/di4ms4xaz/image/upload/f_auto,q_auto/v1/karate-ziri-galerija/uzj18odiuotiogpo5q4e?_a=AXCloUZ0"}},{"node":{"secure_url":"https://res.cloudinary.com/di4ms4xaz/image/upload/f_auto,q_auto/v1/karate-ziri-galerija/uzvxsymo77ozswmpbsaj?_a=AXCloUZ0"}},{"node":{"secure_url":"https://res.cloudinary.com/di4ms4xaz/image/upload/f_auto,q_auto/v1/karate-ziri-galerija/x11ner5jpkkcfjsrzyyd?_a=AXCloUZ0"}},{"node":{"secure_url":"https://res.cloudinary.com/di4ms4xaz/image/upload/f_auto,q_auto/v1/karate-ziri-galerija/yqjrlxvzcerofc1ymsgz?_a=AXCloUZ0"}}]}}}