{"app":["/app-45c4f5ee9fb5ff12f0d7.js"],"component---src-pages-404-js":["/component---src-pages-404-js-f442aad29eb64d72acdf.js"],"component---src-pages-galerija-js":["/component---src-pages-galerija-js-9e2d583ea2e42d32e593.js"],"component---src-pages-index-js":["/component---src-pages-index-js-400c89465cb634753ecd.js"],"component---src-pages-o-nas-js":["/component---src-pages-o-nas-js-f90dc2634f8bcf5b14ae.js"],"component---src-pages-pogoji-uporabe-js":["/component---src-pages-pogoji-uporabe-js-b5bf1f61732b0b883fe7.js"],"component---src-pages-programi-js":["/component---src-pages-programi-js-f37862cc6a484a4897af.js"],"component---src-pages-trenerji-js":["/component---src-pages-trenerji-js-d47d5cc293e139db9a77.js"],"component---src-pages-vpis-js":["/component---src-pages-vpis-js-0c776f5ce996dfe3ae90.js"]}