{"name":"build-javascript","namedChunkGroups":{"app":{"name":"app","assets":[{"name":"webpack-runtime-40f1de1378a328dc3b05.js","size":4278},{"name":"framework-e1920fffb1cf79c01553.js","size":140793},{"name":"styles.78bacef75d982ca5d6fc.css","size":20811},{"name":"app-45c4f5ee9fb5ff12f0d7.js","size":62504}],"filteredAssets":0,"assetsSize":228386,"filteredAuxiliaryAssets":3,"auxiliaryAssetsSize":591684},"component---src-pages-404-js":{"name":"component---src-pages-404-js","assets":[{"name":"fea29d9f-572c8c8f83792608376f.js","size":531},{"name":"cb355538-40c32de436101d223e5a.js","size":2986},{"name":"commons-7e527af6696f4e4ecb70.js","size":21013},{"name":"component---src-pages-404-js-f442aad29eb64d72acdf.js","size":1041}],"filteredAssets":0,"assetsSize":25571,"filteredAuxiliaryAssets":4,"auxiliaryAssetsSize":3904096},"component---src-pages-galerija-js":{"name":"component---src-pages-galerija-js","assets":[{"name":"fea29d9f-572c8c8f83792608376f.js","size":531},{"name":"cb355538-40c32de436101d223e5a.js","size":2986},{"name":"commons-7e527af6696f4e4ecb70.js","size":21013},{"name":"component---src-pages-galerija-js-9e2d583ea2e42d32e593.js","size":5459}],"filteredAssets":0,"assetsSize":29989,"filteredAuxiliaryAssets":5,"auxiliaryAssetsSize":3931487},"component---src-pages-index-js":{"name":"component---src-pages-index-js","assets":[{"name":"fea29d9f-572c8c8f83792608376f.js","size":531},{"name":"cb355538-40c32de436101d223e5a.js","size":2986},{"name":"commons-7e527af6696f4e4ecb70.js","size":21013},{"name":"component---src-pages-index-js-400c89465cb634753ecd.js","size":35556}],"filteredAssets":0,"assetsSize":60086,"filteredAuxiliaryAssets":5,"auxiliaryAssetsSize":3966612},"component---src-pages-o-nas-js":{"name":"component---src-pages-o-nas-js","assets":[{"name":"fea29d9f-572c8c8f83792608376f.js","size":531},{"name":"cb355538-40c32de436101d223e5a.js","size":2986},{"name":"3a17f596-383854cbfffb7a594d83.js","size":648},{"name":"commons-7e527af6696f4e4ecb70.js","size":21013},{"name":"component---src-pages-o-nas-js-f90dc2634f8bcf5b14ae.js","size":13528}],"filteredAssets":0,"assetsSize":38706,"filteredAuxiliaryAssets":6,"auxiliaryAssetsSize":5714915},"component---src-pages-pogoji-uporabe-js":{"name":"component---src-pages-pogoji-uporabe-js","assets":[{"name":"fea29d9f-572c8c8f83792608376f.js","size":531},{"name":"cb355538-40c32de436101d223e5a.js","size":2986},{"name":"commons-7e527af6696f4e4ecb70.js","size":21013},{"name":"component---src-pages-pogoji-uporabe-js-b5bf1f61732b0b883fe7.js","size":4386}],"filteredAssets":0,"assetsSize":28916,"filteredAuxiliaryAssets":5,"auxiliaryAssetsSize":3920351},"component---src-pages-programi-js":{"name":"component---src-pages-programi-js","assets":[{"name":"fea29d9f-572c8c8f83792608376f.js","size":531},{"name":"cb355538-40c32de436101d223e5a.js","size":2986},{"name":"commons-7e527af6696f4e4ecb70.js","size":21013},{"name":"component---src-pages-programi-js-f37862cc6a484a4897af.js","size":18764}],"filteredAssets":0,"assetsSize":43294,"filteredAuxiliaryAssets":5,"auxiliaryAssetsSize":3939801},"component---src-pages-trenerji-js":{"name":"component---src-pages-trenerji-js","assets":[{"name":"fea29d9f-572c8c8f83792608376f.js","size":531},{"name":"cb355538-40c32de436101d223e5a.js","size":2986},{"name":"commons-7e527af6696f4e4ecb70.js","size":21013},{"name":"component---src-pages-trenerji-js-d47d5cc293e139db9a77.js","size":10357}],"filteredAssets":0,"assetsSize":34887,"filteredAuxiliaryAssets":5,"auxiliaryAssetsSize":3925270},"component---src-pages-vpis-js":{"name":"component---src-pages-vpis-js","assets":[{"name":"fea29d9f-572c8c8f83792608376f.js","size":531},{"name":"cb355538-40c32de436101d223e5a.js","size":2986},{"name":"commons-7e527af6696f4e4ecb70.js","size":21013},{"name":"component---src-pages-vpis-js-0c776f5ce996dfe3ae90.js","size":15412}],"filteredAssets":0,"assetsSize":39942,"filteredAuxiliaryAssets":5,"auxiliaryAssetsSize":3958125}},"assetsByChunkName":{"app":["webpack-runtime-40f1de1378a328dc3b05.js","framework-e1920fffb1cf79c01553.js","styles.78bacef75d982ca5d6fc.css","app-45c4f5ee9fb5ff12f0d7.js"],"component---src-pages-404-js":["fea29d9f-572c8c8f83792608376f.js","cb355538-40c32de436101d223e5a.js","commons-7e527af6696f4e4ecb70.js","component---src-pages-404-js-f442aad29eb64d72acdf.js"],"component---src-pages-galerija-js":["fea29d9f-572c8c8f83792608376f.js","cb355538-40c32de436101d223e5a.js","commons-7e527af6696f4e4ecb70.js","component---src-pages-galerija-js-9e2d583ea2e42d32e593.js"],"component---src-pages-index-js":["fea29d9f-572c8c8f83792608376f.js","cb355538-40c32de436101d223e5a.js","commons-7e527af6696f4e4ecb70.js","component---src-pages-index-js-400c89465cb634753ecd.js"],"component---src-pages-o-nas-js":["fea29d9f-572c8c8f83792608376f.js","cb355538-40c32de436101d223e5a.js","3a17f596-383854cbfffb7a594d83.js","commons-7e527af6696f4e4ecb70.js","component---src-pages-o-nas-js-f90dc2634f8bcf5b14ae.js"],"component---src-pages-pogoji-uporabe-js":["fea29d9f-572c8c8f83792608376f.js","cb355538-40c32de436101d223e5a.js","commons-7e527af6696f4e4ecb70.js","component---src-pages-pogoji-uporabe-js-b5bf1f61732b0b883fe7.js"],"component---src-pages-programi-js":["fea29d9f-572c8c8f83792608376f.js","cb355538-40c32de436101d223e5a.js","commons-7e527af6696f4e4ecb70.js","component---src-pages-programi-js-f37862cc6a484a4897af.js"],"component---src-pages-trenerji-js":["fea29d9f-572c8c8f83792608376f.js","cb355538-40c32de436101d223e5a.js","commons-7e527af6696f4e4ecb70.js","component---src-pages-trenerji-js-d47d5cc293e139db9a77.js"],"component---src-pages-vpis-js":["fea29d9f-572c8c8f83792608376f.js","cb355538-40c32de436101d223e5a.js","commons-7e527af6696f4e4ecb70.js","component---src-pages-vpis-js-0c776f5ce996dfe3ae90.js"]},"childAssetsByChunkName":{}}